host,endpoints,servers
agent-observatory-sensor.nolimit-observatory.workers.dev,2365,2365
gateway.pipeworx.io,1720,1590
api.mcp.ai,1119,1115
api.m2mcent.com,276,276
server.smithery.ai,292,216
mcp.apify.com,303,135
a2awire.com,166,110
mcp.zovo.one,693,107
openings-vote-drilling-initially.trycloudflare.com,90,90
tooloracle.io,57,57
api.lazy-mac.com,54,54
mcp.jojapi.com,49,49
api.meok.ai,121,39
mcp.olyport.com,53,38
www.edgethirteen.com,35,35
mcp.apify.com?tools=enezli,34,34
nexgendata-mcp-proxy.steve-corbeil.workers.dev,33,33
mcp.aisa.one,64,32
mcp.viridisconservation.com,51,31
antibody-package-occasional-floppy.trycloudflare.com,30,30
withdrawal-scales-newport-gordon.trycloudflare.com,30,30
mcp.apify.com?tools=paulovitor18,29,29
mcp.hasdata.com,102,26
data.dataleads.pro,38,25
mcp.nexlab.net,24,24
{host},112,23
mcp.moltlinestudio.com,62,22
nova.civai.co,24,22
hive-mcp-gateway.onrender.com,20,19
roxyapi.com,19,19
